Unnamed: 0_level_0,Target turnover,Target gross exposure,Recorded cost (%)
DATE,Unnamed: 1_level_1,Unnamed: 2_level_1,Unnamed: 3_level_1
2020-07-03,1.632653,1.0,0.009125
2012-07-04,1.0,1.0,0.005552
2010-11-25,1.0,1.0,0.005847
2015-11-11,1.0,0.0,0.005564
2013-05-27,1.0,1.0,0.00525
2019-11-28,1.0,1.0,0.005637
2018-10-08,0.183673,1.0,0.000944
2019-02-18,0.0,0.0,0.0
2019-04-19,0.0,0.0,0.0
2021-01-18,0.0,0.0,0.0
2021-02-15,0.0,0.0,0.0
2021-05-31,0.0,0.0,0.0
2021-07-05,0.0,1.0,0.0
2021-09-06,0.0,0.0,0.0
2018-12-25,0.0,1.0,0.0
