,Year,Start,End,Obs,Period Return
0,2018,2018-01-01,2018-12-31,261,0.022502392172524477
1,2019,2019-01-01,2019-12-31,261,0.012227546544442358
2,2020,2020-01-01,2020-12-31,262,0.041210422973200656
3,2021,2021-01-01,2021-12-31,261,0.02395141762780839
4,2022,2022-01-03,2022-12-30,260,0.0012510489552888249
5,2023,2023-01-02,2023-12-29,260,0.03364711209234694
6,2024,2024-01-01,2024-12-31,262,-0.03252104147178447
7,2025,2025-01-01,2025-12-31,261,0.028894238135195982
8,2026,2026-01-01,2026-08-31,173,0.03291736235916631
