,Period,Group,PnL Date,Position Signal Date,Maturity,Held Weight,Z at Signal Date,Previous Yield (%),Current Yield (%),Yield Change (bp),Duration,Linear Contribution (pp),Convexity Contribution (pp),Gross Contribution (pp)
0,Train,Best,2016-07-05,2016-07-04,30Y,1.0,2.049138902198484,2.24,2.14,-10.000000000000009,20.0,2.0000000000000018,0.00022500000000000043,2.0002250000000017
1,Train,Best,2013-04-10,2013-04-09,30Y,-1.0,-2.3920933503682886,2.94,3.01,6.999999999999984,20.0,1.3999999999999968,-0.0001102499999999995,1.3998897499999967
2,Train,Best,2012-10-04,2012-10-03,30Y,-1.0,-2.1031540237807134,2.82,2.89,7.000000000000028,20.0,1.4000000000000057,-0.00011025000000000088,1.3998897500000056
3,Train,Best,2012-03-14,2012-03-13,7Y,-1.0,-2.174208682278003,1.52,1.69,16.999999999999993,6.2,1.0539999999999996,-6.502499999999994e-05,1.0539349749999996
4,Train,Best,2014-05-19,2014-05-16,30Y,-1.0,-2.042722548018406,3.34,3.39,5.000000000000027,20.0,1.0000000000000053,-5.6250000000000595e-05,0.9999437500000051
5,Train,Best,2014-05-01,2014-04-30,20Y,1.0,2.053057034684919,3.22,3.16,-6.000000000000005,15.0,0.9000000000000008,4.500000000000007e-05,0.9000450000000009
6,Train,Best,2016-02-08,2016-02-05,10Y,1.0,2.291175689311967,1.86,1.75,-11.00000000000001,8.0,0.8800000000000008,4.537500000000007e-05,0.8800453750000008
7,Train,Best,2016-11-07,2016-11-04,30Y,-1.0,-2.1383782093361465,2.56,2.6,4.0000000000000036,20.0,0.8000000000000007,-3.6000000000000055e-05,0.7999640000000008
8,Train,Best,2016-02-17,2016-02-16,20Y,-1.0,-2.013531090920389,2.19,2.24,5.000000000000027,15.0,0.750000000000004,-3.125000000000033e-05,0.749968750000004
9,Train,Best,2012-06-29,2012-06-28,7Y,-0.7633587786259541,-2.1233675834565546,1.06,1.11,5.000000000000004,6.2,0.23664122137404603,-4.2938931297709995e-06,0.23663692748091625
10,Train,Best,2012-06-29,2012-06-28,30Y,-0.2366412213740458,-2.0712205487731006,2.67,2.76,8.999999999999986,20.0,0.42595419847328175,-4.312786259541971e-05,0.4259110706106863
11,Train,Worst,2014-05-28,2014-05-27,30Y,-1.0,-2.1179771080436933,3.37,3.29,-8.000000000000007,20.0,-1.6000000000000014,-0.00014400000000000022,-1.6001440000000013
12,Train,Worst,2012-08-03,2012-08-02,20Y,1.0,2.0929915107823547,2.2,2.3,9.999999999999964,15.0,-1.4999999999999947,0.00012499999999999914,-1.4998749999999947
13,Train,Worst,2012-07-20,2012-07-19,30Y,-1.0,-2.349821944869863,2.61,2.55,-6.000000000000005,20.0,-1.200000000000001,-8.100000000000014e-05,-1.200081000000001
14,Train,Worst,2014-04-17,2014-04-16,20Y,1.0,2.1158595477190008,3.2,3.27,6.999999999999984,15.0,-1.0499999999999974,6.124999999999973e-05,-1.0499387499999975
15,Train,Worst,2016-07-15,2016-07-14,30Y,1.0,2.2181593915739852,2.25,2.3,4.999999999999982,20.0,-0.9999999999999966,5.624999999999962e-05,-0.9999437499999965
16,Train,Worst,2016-06-23,2016-06-22,30Y,1.0,2.0121120108568045,2.5,2.55,4.999999999999982,20.0,-0.9999999999999966,5.624999999999962e-05,-0.9999437499999965
17,Train,Worst,2014-12-19,2014-12-18,20Y,-1.0,-2.0544385838188997,2.54,2.48,-6.000000000000005,15.0,-0.9000000000000008,-4.500000000000007e-05,-0.9000450000000009
18,Train,Worst,2015-01-02,2015-01-01,20Y,-1.0,-2.013269318722297,2.47,2.41,-6.000000000000005,15.0,-0.9000000000000008,-4.500000000000007e-05,-0.9000450000000009
19,Train,Worst,2014-12-16,2014-12-15,20Y,-1.0,-2.011286226841603,2.45,2.4,-5.000000000000027,15.0,-0.750000000000004,-3.125000000000033e-05,-0.750031250000004
20,Train,Worst,2012-06-01,2012-05-31,7Y,-1.0,-2.9316188549454,1.03,0.93,-9.999999999999998,6.2,-0.6199999999999999,-2.249999999999999e-05,-0.6200224999999999
21,Test,Best,2020-09-04,2020-09-03,30Y,-1.0,-2.07940658225851,1.34,1.46,11.99999999999999,20.0,2.3999999999999977,-0.00032399999999999936,2.3996759999999973
22,Test,Best,2024-03-14,2024-03-13,20Y,-1.0,-2.3277148367736187,4.45,4.54,8.999999999999986,15.0,1.3499999999999979,-0.00010124999999999968,1.349898749999998
23,Test,Best,2021-11-30,2021-11-29,20Y,1.0,2.573109732568469,1.93,1.85,-7.999999999999985,15.0,1.1999999999999977,7.999999999999971e-05,1.2000799999999978
24,Test,Best,2024-05-29,2024-05-28,20Y,-1.0,-2.223220591122003,4.74,4.82,8.000000000000007,15.0,1.200000000000001,-8.000000000000013e-05,1.199920000000001
25,Test,Best,2026-08-25,2026-08-24,30Y,1.0,2.3517726699205537,5.23,5.17,-6.00000000000005,20.0,1.20000000000001,8.100000000000133e-05,1.20008100000001
26,Test,Best,2020-01-03,2020-01-02,20Y,1.0,2.022842379882722,2.19,2.11,-8.000000000000007,15.0,1.200000000000001,8.000000000000013e-05,1.2000800000000011
27,Test,Best,2025-03-24,2025-03-21,20Y,-1.0,-2.077350824532018,4.6,4.68,8.000000000000007,15.0,1.200000000000001,-8.000000000000013e-05,1.199920000000001
28,Test,Best,2020-01-28,2020-01-27,30Y,-1.0,-2.075029770793891,2.05,2.1,5.000000000000027,20.0,1.0000000000000053,-5.6250000000000595e-05,0.9999437500000051
29,Test,Best,2018-10-04,2018-10-03,30Y,-1.0,-2.136237594014658,3.3,3.35,5.000000000000027,20.0,1.0000000000000053,-5.6250000000000595e-05,0.9999437500000051
30,Test,Best,2026-03-16,2026-03-13,20Y,1.0,2.1457554213926042,4.89,4.83,-5.999999999999961,15.0,0.899999999999994,4.4999999999999407e-05,0.9000449999999941
31,Test,Worst,2019-11-07,2019-11-06,20Y,1.0,2.6655090419587664,2.13,2.24,11.000000000000032,15.0,-1.6500000000000046,0.00015125000000000086,-1.6498487500000047
32,Test,Worst,2018-10-03,2018-10-02,20Y,1.0,2.0983881769145443,3.14,3.24,10.000000000000009,15.0,-1.5000000000000013,0.00012500000000000025,-1.4998750000000014
33,Test,Worst,2020-03-17,2020-03-16,7Y,1.0,4.827799280339286,0.67,0.91,24.0,6.2,-1.488,0.00012959999999999998,-1.4878704
34,Test,Worst,2020-05-29,2020-05-28,30Y,-1.0,-2.579809722486465,1.47,1.41,-6.000000000000005,20.0,-1.200000000000001,-8.100000000000014e-05,-1.200081000000001
35,Test,Worst,2024-02-23,2024-02-22,20Y,-1.0,-2.3921668549073054,4.58,4.51,-7.000000000000028,15.0,-1.0500000000000043,-6.125000000000049e-05,-1.0500612500000042
36,Test,Worst,2024-02-06,2024-02-05,20Y,-1.0,-2.037756657735293,4.46,4.39,-7.000000000000028,15.0,-1.0500000000000043,-6.125000000000049e-05,-1.0500612500000042
37,Test,Worst,2023-01-24,2023-01-23,20Y,-1.0,-2.2326870027872654,3.8,3.73,-6.999999999999984,15.0,-1.0499999999999974,-6.124999999999973e-05,-1.0500612499999975
38,Test,Worst,2019-11-05,2019-11-04,20Y,1.0,2.833822824336503,2.1,2.17,6.999999999999984,15.0,-1.0499999999999974,6.124999999999973e-05,-1.0499387499999975
39,Test,Worst,2023-11-02,2023-11-01,10Y,0.5,2.205435089827347,4.77,4.67,-9.999999999999964,8.0,0.39999999999999863,1.8749999999999873e-05,0.40001874999999865
40,Test,Worst,2023-11-02,2023-11-01,30Y,-0.5,-2.0530625712624957,4.96,4.82,-13.999999999999968,20.0,-1.3999999999999968,-0.000220499999999999,-1.4002204999999968
41,Test,Worst,2024-05-30,2024-05-29,20Y,-1.0,-2.1277225015782064,4.82,4.76,-6.00000000000005,15.0,-0.9000000000000073,-4.500000000000074e-05,-0.9000450000000074
