,Period,Group,PnL Date,Position Signal Date,Calendar Gap,Regime,Holdings,Gross Return (%),Cost (%),Net Return (%),Signed Duration
0,Train,Best,2016-07-05,2016-07-04,1,Long only,30Y: +100.0%,2.0002250000000017,0.005766599112720171,1.9944584008872814,20.0
1,Train,Best,2013-04-10,2013-04-09,1,Short only,30Y: -100.0%,1.3998897499999985,0.005710693144586827,1.3941790568554115,-20.0
2,Train,Best,2012-10-04,2012-10-03,1,Short only,30Y: -100.0%,1.3998897500000054,0.005902893444712447,1.3939868565552929,-20.0
3,Train,Best,2012-03-14,2012-03-13,1,Short only,7Y: -100.0%,1.053934974999999,0.005837551872798774,1.0480974231272004,-6.2
4,Train,Best,2014-05-19,2014-05-16,3,Short only,30Y: -100.0%,0.9999437500000008,0.00566169758284943,0.9942820524171513,-20.0
5,Train,Best,2014-05-01,2014-04-30,1,Long only,20Y: +100.0%,0.9000449999999947,0.0057143722304343995,0.8943306277695603,15.0
6,Train,Best,2016-02-08,2016-02-05,3,Long only,10Y: +100.0%,0.8800453750000002,0.005463760117224071,0.8745816148827763,8.0
7,Train,Best,2016-11-07,2016-11-04,3,Short only,30Y: -100.0%,0.7999640000000021,0.005644336473843771,0.7943196635261585,-20.0
8,Train,Best,2016-02-17,2016-02-16,1,Short only,20Y: -100.0%,0.7499687500000058,0.006055520863737574,0.7439132291362682,-15.0
9,Train,Best,2012-06-29,2012-06-28,1,Short only,"7Y: -76.3%, 30Y: -23.7%",0.662547998091604,0.00554439375498989,0.6570036043366142,-9.465648854961831
10,Train,Worst,2014-05-28,2014-05-27,1,Short only,30Y: -100.0%,-1.600144000000004,0.005490802883679932,-1.605634802883684,-20.0
11,Train,Worst,2012-08-03,2012-08-02,1,Long only,20Y: +100.0%,-1.499874999999996,0.006114764802535384,-1.5059897648025315,15.0
12,Train,Worst,2012-07-20,2012-07-19,1,Short only,30Y: -100.0%,-1.2000809999999997,0.005923286319144092,-1.2060042863191438,-20.0
13,Train,Worst,2014-04-17,2014-04-16,1,Long only,20Y: +100.0%,-1.0499387499999988,0.005782946773233989,-1.0557216967732328,15.0
14,Train,Worst,2016-07-15,2016-07-14,1,Long only,30Y: +100.0%,-0.9999437500000008,0.005816957748194617,-1.0057607077481954,20.0
15,Train,Worst,2016-06-23,2016-06-22,1,Long only,30Y: +100.0%,-0.9999437499999939,0.005625900481250318,-1.0055696504812444,20.0
16,Train,Worst,2014-12-19,2014-12-18,1,Short only,20Y: -100.0%,-0.9000449999999999,0.010959628160156441,-0.9110046281601564,-15.0
17,Train,Worst,2015-01-02,2015-01-01,1,Short only,20Y: -100.0%,-0.9000450000000051,0.0057950695524420105,-0.9058400695524471,-15.0
18,Train,Worst,2014-12-16,2014-12-15,1,Short only,20Y: -100.0%,-0.7500312500000007,0.005766671579448764,-0.7557979215794495,-15.0
19,Train,Worst,2012-06-01,2012-05-31,1,Short only,7Y: -100.0%,-0.6200224999999995,0.005421964689272985,-0.6254444646892725,-6.2
20,Test,Best,2020-09-04,2020-09-03,1,Short only,30Y: -100.0%,2.399675999999999,0.005523815738546934,2.3941521842614524,-20.0
21,Test,Best,2024-03-14,2024-03-13,1,Short only,20Y: -100.0%,1.349898749999997,0.0,1.349898749999997,-15.0
22,Test,Best,2021-11-30,2021-11-29,1,Long only,20Y: +100.0%,1.2000799999999927,0.0,1.2000799999999927,15.0
23,Test,Best,2024-05-29,2024-05-28,1,Short only,20Y: -100.0%,1.1999199999999928,0.0,1.1999199999999928,-15.0
24,Test,Best,2026-08-25,2026-08-24,1,Long only,30Y: +100.0%,1.2000810000000206,0.005719122713074419,1.194361877286946,20.0
25,Test,Best,2020-01-03,2020-01-02,1,Long only,20Y: +100.0%,1.2000800000000031,0.005893738418991778,1.1941862615810115,15.0
26,Test,Best,2025-03-24,2025-03-21,3,Short only,20Y: -100.0%,1.1999199999999928,0.006009693134565494,1.1939103068654273,-15.0
27,Test,Best,2020-01-28,2020-01-27,1,Short only,30Y: -100.0%,0.9999437500000078,0.005796319216009078,0.9941474307839987,-20.0
28,Test,Best,2018-10-04,2018-10-03,1,Short only,30Y: -100.0%,0.9999437500000008,0.011237512289957678,0.9887062377100431,-20.0
29,Test,Best,2026-03-16,2026-03-13,3,Long only,20Y: +100.0%,0.9000449999999947,0.005690164968406696,0.894354835031588,15.0
30,Test,Worst,2019-11-07,2019-11-06,1,Long only,20Y: +100.0%,-1.6498487500000059,0.010759275590098542,-1.6606080255901041,15.0
31,Test,Worst,2018-10-03,2018-10-02,1,Long only,20Y: +100.0%,-1.4998750000000014,0.011218574166846402,-1.5110935741668476,15.0
32,Test,Worst,2020-03-17,2020-03-16,1,Long only,7Y: +100.0%,-1.4878704000000003,0.010275020680714656,-1.498145420680715,6.2
33,Test,Worst,2020-05-29,2020-05-28,1,Short only,30Y: -100.0%,-1.2000809999999997,0.006356016640488493,-1.2064370166404883,-20.0
34,Test,Worst,2024-02-23,2024-02-22,1,Short only,20Y: -100.0%,-1.0500612499999988,0.00621465160892885,-1.0562759016089278,-15.0
35,Test,Worst,2024-02-06,2024-02-05,1,Short only,20Y: -100.0%,-1.0500612500000093,0.0,-1.0500612500000093,-15.0
36,Test,Worst,2023-01-24,2023-01-23,1,Short only,20Y: -100.0%,-1.0500612499999988,0.0,-1.0500612499999988,-15.0
37,Test,Worst,2019-11-05,2019-11-04,1,Long only,20Y: +100.0%,-1.0499387499999988,0.0,-1.0499387499999988,15.0
38,Test,Worst,2023-11-02,2023-11-01,1,Both sides,"10Y: +50.0%, 30Y: -50.0%",-1.0002017500000009,0.0056862792491867336,-1.0058880292491876,-6.0
39,Test,Worst,2024-05-30,2024-05-29,1,Short only,20Y: -100.0%,-0.9000450000000051,0.005664878549684716,-0.9057098785496898,-15.0
