DATE,Target turnover,Target gross exposure,Recorded cost (%)
2010-01-18,0.0,0.0,0.0
2010-02-15,0.0,0.0,0.0
2010-05-31,0.0,0.0,0.0
2010-07-05,0.0,1.0,0.0
2010-09-06,0.0,1.0,0.0
2010-10-11,0.0,0.9999999999999999,0.0
2010-11-11,0.0,1.0,0.0
2010-11-25,1.0,1.0,0.005846813012164204
2010-12-24,0.0,1.0000000000000002,0.0
2011-01-17,0.0,1.0,0.0
2011-02-21,0.0,1.0,0.0
2011-04-22,0.0,0.0,0.0
2011-05-30,0.0,1.0,0.0
2011-07-04,0.0,0.0,0.0
2011-09-05,0.0,0.0,0.0
2011-10-10,0.0,0.0,0.0
2011-11-11,0.0,1.0,0.0
2011-11-24,0.0,0.0,0.0
2011-12-26,0.0,0.0,0.0
2012-01-02,0.0,0.0,0.0
2012-01-16,0.0,0.0,0.0
2012-02-20,0.0,0.0,0.0
2012-05-28,0.0,1.0,0.0
2012-07-04,1.0,1.0,0.005551576500684087
2012-09-03,0.0,0.0,0.0
2012-10-08,0.0,1.0,0.0
2012-10-30,0.0,1.0,0.0
2012-11-12,0.0,0.0,0.0
2012-11-22,0.0,0.0,0.0
2012-12-25,0.0,0.0,0.0
2013-01-01,0.0,0.0,0.0
2013-01-21,0.0,1.0,0.0
2013-02-18,0.0,0.0,0.0
2013-03-29,0.0,0.0,0.0
2013-05-27,1.0,1.0,0.005249546407174458
2013-07-04,0.0,1.0,0.0
2013-09-02,0.0,1.0,0.0
2013-10-14,0.0,0.0,0.0
2013-11-11,0.0,0.0,0.0
2013-11-28,0.0,1.0,0.0
2013-12-25,0.0,0.0,0.0
2014-01-01,0.0,0.0,0.0
2014-01-20,0.0,0.0,0.0
2014-02-17,0.0,0.0,0.0
2014-04-18,0.0,0.0,0.0
2014-05-26,0.0,1.0,0.0
2014-07-04,0.0,0.0,0.0
2014-09-01,0.0,1.0,0.0
2014-10-13,0.0,0.0,0.0
2014-11-11,0.0,0.0,0.0
2014-11-27,0.0,0.0,0.0
2014-12-25,0.0,1.0,0.0
2015-01-01,0.0,1.0,0.0
2015-01-19,0.0,1.0,0.0
2015-02-16,0.0,1.0,0.0
2015-05-25,0.0,1.0,0.0
2015-07-03,0.0,1.0,0.0
2015-09-07,0.0,1.0,0.0
2015-10-12,0.0,1.0,0.0
2015-11-11,1.0,0.0,0.005564085180088505
2015-11-26,0.0,0.0,0.0
2015-12-25,0.0,1.0,0.0
2016-01-01,0.0,1.0,0.0
2016-01-18,0.0,0.0,0.0
2016-02-15,0.0,1.0,0.0
2016-03-25,0.0,0.0,0.0
2016-05-30,0.0,0.0,0.0
2016-07-04,0.0,1.0,0.0
2016-09-05,0.0,0.0,0.0
2016-10-10,0.0,1.0,0.0
2016-11-11,0.0,0.0,0.0
2016-11-24,0.0,1.0,0.0
2016-12-26,0.0,1.0,0.0
2017-01-02,0.0,0.0,0.0
2017-01-16,0.0,1.0,0.0
2017-02-20,0.0,1.0,0.0
2017-04-14,0.0,0.0,0.0
2017-05-29,0.0,0.0,0.0
2017-07-04,0.0,0.0,0.0
2017-09-04,0.0,0.0,0.0
2017-10-09,0.0,1.0,0.0
2017-11-23,0.0,0.0,0.0
2017-12-25,0.0,0.0,0.0
2018-01-01,0.0,0.0,0.0
2018-01-15,0.0,0.0,0.0
2018-02-19,0.0,0.0,0.0
2018-03-30,0.0,0.0,0.0
2018-05-28,0.0,0.0,0.0
2018-07-04,0.0,1.0,0.0
2018-09-03,0.0,1.0,0.0
2018-10-08,0.1836734693877551,1.0,0.0009435579708111854
2018-11-12,0.0,0.0,0.0
2018-11-22,0.0,0.0,0.0
2018-12-05,0.0,1.0,0.0
2018-12-25,0.0,1.0,0.0
2019-01-01,0.0,1.0,0.0
2019-01-21,0.0,0.0,0.0
2019-02-18,0.0,0.0,0.0
2019-04-19,0.0,0.0,0.0
2019-05-27,0.0,1.0,0.0
2019-07-04,0.0,0.9999999999999999,0.0
2019-09-02,0.0,1.0,0.0
2019-10-14,0.0,0.0,0.0
2019-11-11,0.0,1.0,0.0
2019-11-28,1.0,1.0,0.005636886438398847
2019-12-25,0.0,1.0,0.0
2020-01-01,0.0,1.0,0.0
2020-01-20,0.0,1.0,0.0
2020-02-17,0.0,0.0,0.0
2020-04-10,0.0,0.0,0.0
2020-05-25,0.0,0.0,0.0
2020-07-03,1.6326530612244898,1.0,0.009124702982099232
2020-09-07,0.0,1.0,0.0
2020-10-12,0.0,0.0,0.0
2020-11-11,0.0,0.0,0.0
2020-11-26,0.0,0.0,0.0
2020-12-25,0.0,1.0,0.0
2021-01-01,0.0,0.0,0.0
2021-01-18,0.0,0.0,0.0
2021-02-15,0.0,0.0,0.0
2021-05-31,0.0,0.0,0.0
2021-07-05,0.0,1.0,0.0
2021-09-06,0.0,0.0,0.0
2021-10-11,0.0,1.0,0.0
2021-11-11,0.0,1.0,0.0
2021-11-25,0.0,1.0,0.0
2021-12-24,0.0,1.0,0.0
2022-01-17,0.0,1.0,0.0
2022-02-21,0.0,1.0,0.0
2022-04-15,0.0,0.0,0.0
2022-05-30,0.0,0.0,0.0
2022-06-20,0.0,1.0,0.0
2022-07-04,0.0,1.0,0.0
2022-09-05,0.0,0.0,0.0
2022-10-10,0.0,0.0,0.0
2022-11-11,0.0,0.0,0.0
2022-11-24,0.0,0.0,0.0
2022-12-26,0.0,0.0,0.0
2023-01-02,0.0,0.0,0.0
2023-01-16,0.0,0.0,0.0
2023-02-20,0.0,0.0,0.0
2023-05-29,0.0,1.0,0.0
2023-06-19,0.0,1.0,0.0
2023-07-04,0.0,0.0,0.0
2023-09-04,0.0,0.0,0.0
2023-10-09,0.0,0.0,0.0
2023-11-23,0.0,0.0,0.0
2023-12-25,0.0,0.0,0.0
2024-01-01,0.0,0.0,0.0
2024-01-15,0.0,0.0,0.0
2024-02-19,0.0,0.0,0.0
2024-03-29,0.0,0.0,0.0
2024-05-27,0.0,1.0,0.0
2024-06-19,0.0,0.0,0.0
2024-07-04,0.0,0.0,0.0
2024-09-02,0.0,0.0,0.0
2024-10-14,0.0,1.0,0.0
2024-11-11,0.0,1.0,0.0
2024-11-28,0.0,1.0,0.0
2024-12-25,0.0,0.0,0.0
2025-01-01,0.0,1.0,0.0
2025-01-20,0.0,0.0,0.0
2025-02-17,0.0,0.0,0.0
2025-04-18,0.0,0.0,0.0
2025-05-26,0.0,0.0,0.0
2025-06-19,0.0,0.0,0.0
2025-07-04,0.0,0.0,0.0
2025-09-01,0.0,1.0,0.0
2025-10-13,0.0,0.0,0.0
2025-11-11,0.0,1.0,0.0
2025-11-27,0.0,0.0,0.0
2025-12-25,0.0,0.0,0.0
2026-01-01,0.0,0.0,0.0
2026-01-19,0.0,0.0,0.0
2026-02-16,0.0,0.0,0.0
2026-05-25,0.0,1.0,0.0
2026-06-19,0.0,0.0,0.0
2026-07-03,0.0,1.0,0.0
