,Period,Group,PnL Date,Regime,Original Net (%),Delayed Net (%),Difference (pp)
0,Train,Best,2016-07-05,Long only,1.9944584008872814,2.0002250000000017,0.005766599112720261
1,Train,Best,2013-04-10,Short only,1.3941790568554115,-0.005710693144586827,-1.3998897499999983
2,Train,Best,2012-10-04,Short only,1.3939868565552929,1.3998897500000054,0.005902893444712509
3,Train,Best,2012-03-14,Short only,1.0480974231272004,1.053934974999999,0.005837551872798663
4,Train,Best,2014-05-19,Short only,0.9942820524171513,0.05061055439359822,-0.9436714980235531
5,Train,Best,2014-05-01,Long only,0.8943306277695603,0.9000449999999947,0.005714372230434361
6,Train,Best,2016-02-08,Long only,0.8745816148827763,-0.005463760117224071,-0.8800453750000004
7,Train,Best,2016-11-07,Short only,0.7943196635261585,0.3217237477223618,-0.4725959158037967
8,Train,Best,2016-02-17,Short only,0.7439132291362682,0.7499687500000058,0.006055520863737618
9,Train,Best,2012-06-29,Short only,0.6570036043366142,0.30744522148778236,-0.34955838284883184
10,Train,Worst,2014-05-28,Short only,-1.605634802883684,-0.20552280288368296,1.400112000000001
11,Train,Worst,2012-08-03,Long only,-1.5059897648025315,-0.006114764802535384,1.499874999999996
12,Train,Worst,2012-07-20,Short only,-1.2060042863191438,-0.005923286319144092,1.2000809999999997
13,Train,Worst,2014-04-17,Long only,-1.0557216967732328,-0.11931525936879739,0.9364064374044354
14,Train,Worst,2016-07-15,Long only,-1.0057607077481954,-0.055611451072703384,0.950149256675492
15,Train,Worst,2016-06-23,Long only,-1.0055696504812444,-0.005625900481250318,0.999943749999994
16,Train,Worst,2014-12-19,Short only,-0.9110046281601564,-0.005813300453165153,0.9051913277069912
17,Train,Worst,2015-01-02,Short only,-0.9058400695524471,-0.9000450000000051,0.005795069552442023
18,Train,Worst,2014-12-16,Short only,-0.7557979215794495,-0.005766671579448764,0.7500312500000007
19,Train,Worst,2012-06-01,Short only,-0.6254444646892725,-0.3019331896892728,0.3235112749999997
20,Test,Best,2020-09-04,Short only,2.3941521842614524,-0.7309634288497313,-3.1251156131111837
21,Test,Best,2024-03-14,Short only,1.349898749999997,-0.0060756419709724575,-1.3559743919709695
22,Test,Best,2021-11-30,Long only,1.2000799999999927,1.2000799999999927,0.0
23,Test,Best,2024-05-29,Short only,1.1999199999999928,-0.205623970088077,-1.4055439700880699
24,Test,Best,2026-08-25,Long only,1.194361877286946,1.2000810000000206,0.00571912271307462
25,Test,Best,2020-01-03,Long only,1.1941862615810115,-0.10560416132907602,-1.2997904229100876
26,Test,Best,2025-03-24,Short only,1.1939103068654273,1.1999199999999928,0.0060096931345654525
27,Test,Best,2020-01-28,Short only,0.9941474307839987,-0.005796319216009078,-0.9999437500000078
28,Test,Best,2018-10-04,Short only,0.9887062377100431,-0.7612062622899479,-1.7499124999999909
29,Test,Best,2026-03-16,Long only,0.894354835031588,0.02446656432114949,-0.8698882707104385
30,Test,Worst,2019-11-07,Long only,-1.6606080255901041,-1.6498487500000059,0.01075927559009826
31,Test,Worst,2018-10-03,Long only,-1.5110935741668476,1.9885564258331556,3.4996500000000035
32,Test,Worst,2020-03-17,Long only,-1.498145420680715,-0.10119083128866348,1.3969545893920514
33,Test,Worst,2020-05-29,Short only,-1.2064370166404883,-0.00683342064507037,1.1996035959954179
34,Test,Worst,2024-02-23,Short only,-1.0562759016089278,-1.0500612499999988,0.006214651608928978
35,Test,Worst,2024-02-06,Short only,-1.0500612500000093,-0.006292214846316024,1.0437690351536932
36,Test,Worst,2023-01-24,Short only,-1.0500612499999988,-1.0500612499999988,0.0
37,Test,Worst,2019-11-05,Long only,-1.0499387499999988,-0.005971521027741878,1.043967228972257
38,Test,Worst,2023-11-02,Both sides,-1.0058880292491876,-0.0056862792491867336,1.0002017500000009
39,Test,Worst,2024-05-30,Short only,-0.9057098785496898,-0.9000450000000051,0.005664878549684671
