,window,entry_z,Period,Start,End,Obs,Total Return,CAGR,Ann Vol,Sharpe,Max Drawdown
0,252,2.0,W252_Z2.0,2011-06-16,2017-12-29,1707,0.12166531256595992,0.01770875464343713,0.02340476372100815,0.735912049090108,-0.03863291012934056
1,378,1.5,W378_Z1.5,2011-06-16,2017-12-29,1707,0.12219899925200273,0.017782771929815366,0.027640558553270658,0.6295933647757058,-0.03200430314785763
2,252,1.5,W252_Z1.5,2011-06-16,2017-12-29,1707,0.09975834678184814,0.014644408367034067,0.028882870038420834,0.5004860831966791,-0.05666493175734688
3,378,2.5,W378_Z2.5,2011-06-16,2017-12-29,1707,0.03355887430807969,0.0050593000628311735,0.010054094399246725,0.4897069636029814,-0.01619617930426387
4,126,2.5,W126_Z2.5,2011-06-16,2017-12-29,1707,0.04871439065485794,0.007298638889809084,0.020591648777971126,0.3512812491206377,-0.037185610187776
5,378,2.0,W378_Z2.0,2011-06-16,2017-12-29,1707,0.022544784782864147,0.0034143683613945264,0.023312896268068754,0.15280425236632705,-0.04478277098210337
6,252,2.5,W252_Z2.5,2011-06-16,2017-12-29,1707,0.010039110685627461,0.0015283755720560954,0.013453425392513575,0.1163469736433919,-0.03451626904153937
7,126,2.0,W126_Z2.0,2011-06-16,2017-12-29,1707,-0.05552639235270396,-0.008696096556997213,0.02821395645637535,-0.284755361198514,-0.1355462383226368
8,126,1.5,W126_Z1.5,2011-06-16,2017-12-29,1707,-0.11647903498982026,-0.018755601866203286,0.029466639270339032,-0.605574528917523,-0.14156869156467278
